<?xml version="1.0" encoding="UTF-8" standalone="yes"?>
<addon  id="plugin.video.mezzmo" name="Mezzmo" version="1.0.2.0" provider-name="Conceiva">
    
  <extension point="xbmc.python.pluginsource" 
               library="default.py">
        <provides>video audio image</provides>
  </extension>
  
  <extension point="xbmc.service" start="startup"
               library="service.py">
        <provides>executable</provides>
  </extension>
  
  <extension point="xbmc.addon.metadata">
    <platform>all</platform>
    <minversion>1</minversion>
    <summary lang="en">Browse and play local video, music and photo media files managed by Mezzmo Media Server.</summary>
    <description lang="en">Browse and play local video, music and photo media files managed by Mezzmo Media Server.</description>
  </extension>
</addon>
