<?xml version="1.0" encoding="UTF-8" standalone="yes"?>
<addon  id="plugin.video.mezzmo" name="Mezzmo" version="1.1.9.4" provider-name="Conceiva">
  <requires>
    <import addon="xbmc.python" version="2.25.0"/>
  </requires>      
  <extension point="xbmc.python.pluginsource" 
               library="default.py">
        <provides>video audio image</provides>
  </extension>
  
  <extension point="xbmc.service" library="service.py">
  </extension>

  <extension point="xbmc.python.library" 
               library="resources/lib/utilities.py"/>

  <extension point="kodi.context.item">
    <menu id="kodi.core.main">
      <item library="resources/lib/context.py">
          <label>30435</label>
          <visible>[String.IsEqual(ListItem.dbtype,episode) | String.IsEqual(ListItem.dbtype,movie) | String.IsEqual(ListItem.dbtype,tvshow) | String.IsEqual(ListItem.dbtype,musicvideo)] + !String.IsEqual(Container.PluginName,plugin.video.mezzmo)</visible>
      </item>
    </menu>
  </extension>

  <extension point="xbmc.addon.repository">
      <info>https://raw.githubusercontent.com/Conceiva/MezzmoKodiPlugin/manifests/kodi-18.xml.gz</info>
      <checksum verify="sha256">https://raw.githubusercontent.com/Conceiva/MezzmoKodiPlugin/manifests/kodi-18.xml.gz.sha256</checksum>
      <datadir>https://github.com/Conceiva/MezzmoKodiPlugin/releases/download</datadir>
      <artdir>https://github.com/Conceiva/MezzmoKodiPlugin/releases/download</artdir>
      <hashes>sha256</hashes>
  </extension>
  
  <extension point="xbmc.addon.metadata">
    <platform>all</platform>
    <minversion>1</minversion>
    <assets>
        <icon>resources/icon.png</icon>
        <fanart>resources/fanart.jpg</fanart>
    </assets>
    <summary lang="en_GB">Browse and play local video, music and photo media files managed by Mezzmo Media Server.</summary>
    <description lang="en_GB">Browse and play local video, music and photo media files managed by Mezzmo Media Server.</description>
    <summary lang="pt_BR">Navegue e reproduza arquivos de mídia locais de vídeo, música e foto gerenciados pelo Mezzmo Media Server.</summary>
    <description lang="pt_BR">Navegue e reproduza arquivos de mídia locais de vídeo, música e foto gerenciados pelo Mezzmo Media Server.</description>
  </extension>
</addon>
